{
 "actions": [],
 "creation": "2021-04-21 13:37:14.162162",
 "doctype": "DocType",
 "editable_grid": 1,
 "engine": "InnoDB",
 "field_order": [
  "offer_title",
  "offer_subtitle",
  "offer_details"
 ],
 "fields": [
  {
   "fieldname": "offer_title",
   "fieldtype": "Data",
   "in_list_view": 1,
   "label": "Offer Title"
  },
  {
   "fieldname": "offer_subtitle",
   "fieldtype": "Data",
   "in_list_view": 1,
   "label": "Offer Subtitle"
  },
  {
   "fieldname": "offer_details",
   "fieldtype": "Text Editor",
   "label": "Offer Details"
  }
 ],
 "index_web_pages_for_search": 1,
 "istable": 1,
 "links": [],
 "modified": "2021-04-21 13:56:04.660331",
 "modified_by": "Administrator",
 "module": "Webshop",
 "name": "Website Offer",
 "owner": "Administrator",
 "permissions": [],
 "sort_field": "modified",
 "sort_order": "DESC",
 "track_changes": 1
}