{
 "actions": [],
 "creation": "2021-03-18 20:32:15.321402",
 "doctype": "DocType",
 "editable_grid": 1,
 "engine": "InnoDB",
 "field_order": [
  "label",
  "content"
 ],
 "fields": [
  {
   "fieldname": "label",
   "fieldtype": "Data",
   "in_list_view": 1,
   "label": "Label"
  },
  {
   "fieldname": "content",
   "fieldtype": "HTML Editor",
   "in_list_view": 1,
   "label": "Content"
  }
 ],
 "index_web_pages_for_search": 1,
 "istable": 1,
 "links": [],
 "modified": "2021-03-18 20:35:26.991192",
 "modified_by": "Administrator",
 "module": "Webshop",
 "name": "Website Item Tabbed Section",
 "owner": "Administrator",
 "permissions": [],
 "sort_field": "modified",
 "sort_order": "DESC",
 "track_changes": 1
}