{
 "__unsaved": 1,
 "creation": "2020-11-17 15:28:47.809342",
 "docstatus": 0,
 "doctype": "Web Template",
 "fields": [
  {
   "fieldname": "item",
   "fieldtype": "Link",
   "label": "Item",
   "options": "Website Item",
   "reqd": 0
  },
  {
   "fieldname": "featured",
   "fieldtype": "Check",
   "label": "Featured",
   "options": "",
   "reqd": 0
  }
 ],
 "idx": 0,
 "modified": "2024-06-17 15:15:09.902754",
 "modified_by": "Administrator",
 "module": "Webshop",
 "name": "Product Card",
 "owner": "Administrator",
 "standard": 1,
 "template": "",
 "type": "Component"
}