{
 "__unsaved": 1,
 "creation": "2020-11-17 15:21:51.207221",
 "docstatus": 0,
 "doctype": "Web Template",
 "fields": [
  {
   "fieldname": "slider_name",
   "fieldtype": "Data",
   "label": "Slider Name",
   "reqd": 1
  },
  {
   "default": "1",
   "fieldname": "show_indicators",
   "fieldtype": "Check",
   "label": "Show Indicators",
   "reqd": 0
  },
  {
   "default": "1",
   "fieldname": "show_controls",
   "fieldtype": "Check",
   "label": "Show Controls",
   "reqd": 0
  },
  {
   "fieldname": "slide_1",
   "fieldtype": "Section Break",
   "label": "Slide 1",
   "reqd": 0
  },
  {
   "fieldname": "slide_1_image",
   "fieldtype": "Attach Image",
   "label": "Image",
   "reqd": 0
  },
  {
   "fieldname": "slide_1_title",
   "fieldtype": "Data",
   "label": "Title",
   "reqd": 0
  },
  {
   "fieldname": "slide_1_subtitle",
   "fieldtype": "Small Text",
   "label": "Subtitle",
   "reqd": 0
  },
  {
   "fieldname": "slide_1_primary_action_label",
   "fieldtype": "Data",
   "label": "Primary Action Label",
   "reqd": 0
  },
  {
   "fieldname": "slide_1_primary_action",
   "fieldtype": "Data",
   "label": "Primary Action",
   "reqd": 0
  },
  {
   "fieldname": "slide_1_content_align",
   "fieldtype": "Select",
   "label": "Content Align",
   "options": "Left\nCentre\nRight",
   "reqd": 0
  },
  {
   "fieldname": "slide_1_theme",
   "fieldtype": "Select",
   "label": "Slide Theme",
   "options": "Dark\nLight",
   "reqd": 0
  },
  {
   "fieldname": "slide_2",
   "fieldtype": "Section Break",
   "label": "Slide 2",
   "reqd": 0
  },
  {
   "fieldname": "slide_2_image",
   "fieldtype": "Attach Image",
   "label": "Image ",
   "reqd": 0
  },
  {
   "fieldname": "slide_2_title",
   "fieldtype": "Data",
   "label": "Title ",
   "reqd": 0
  },
  {
   "fieldname": "slide_2_subtitle",
   "fieldtype": "Small Text",
   "label": "Subtitle ",
   "reqd": 0
  },
  {
   "fieldname": "slide_2_primary_action_label",
   "fieldtype": "Data",
   "label": "Primary Action Label ",
   "reqd": 0
  },
  {
   "fieldname": "slide_2_primary_action",
   "fieldtype": "Data",
   "label": "Primary Action ",
   "reqd": 0
  },
  {
   "default": "Left",
   "fieldname": "slide_2_content_align",
   "fieldtype": "Select",
   "label": "Content Align",
   "options": "Left\nCentre\nRight",
   "reqd": 0
  },
  {
   "fieldname": "slide_2_theme",
   "fieldtype": "Select",
   "label": "Slide Theme",
   "options": "Dark\nLight",
   "reqd": 0
  },
  {
   "fieldname": "slide_3",
   "fieldtype": "Section Break",
   "label": "Slide 3",
   "reqd": 0
  },
  {
   "fieldname": "slide_3_image",
   "fieldtype": "Attach Image",
   "label": "Image",
   "reqd": 0
  },
  {
   "fieldname": "slide_3_title",
   "fieldtype": "Data",
   "label": "Title",
   "reqd": 0
  },
  {
   "fieldname": "slide_3_subtitle",
   "fieldtype": "Small Text",
   "label": "Subtitle",
   "reqd": 0
  },
  {
   "fieldname": "slide_3_primary_action_label",
   "fieldtype": "Data",
   "label": "Primary Action Label",
   "reqd": 0
  },
  {
   "fieldname": "slide_3_primary_action",
   "fieldtype": "Data",
   "label": "Primary Action",
   "reqd": 0
  },
  {
   "fieldname": "slide_3_content_align",
   "fieldtype": "Select",
   "label": "Content Align",
   "reqd": 0
  },
  {
   "fieldname": "slide_3_theme",
   "fieldtype": "Select",
   "label": "Slide Theme",
   "options": "Dark\nLight",
   "reqd": 0
  },
  {
   "fieldname": "slide_4",
   "fieldtype": "Section Break",
   "label": "Slide 4",
   "reqd": 0
  },
  {
   "fieldname": "slide_4_image",
   "fieldtype": "Attach Image",
   "label": "Image",
   "reqd": 0
  },
  {
   "fieldname": "slide_4_title",
   "fieldtype": "Data",
   "label": "Title",
   "reqd": 0
  },
  {
   "fieldname": "slide_4_subtitle",
   "fieldtype": "Small Text",
   "label": "Subtitle",
   "reqd": 0
  },
  {
   "fieldname": "slide_4_primary_action_label",
   "fieldtype": "Data",
   "label": "Primary Action Label",
   "reqd": 0
  },
  {
   "fieldname": "slide_4_primary_action",
   "fieldtype": "Data",
   "label": "Primary Action",
   "reqd": 0
  },
  {
   "fieldname": "slide_4_content_align",
   "fieldtype": "Select",
   "label": "Content Align",
   "reqd": 0
  },
  {
   "fieldname": "slide_4_theme",
   "fieldtype": "Select",
   "label": "Slide Theme",
   "options": "Dark\nLight",
   "reqd": 0
  },
  {
   "fieldname": "slide_5",
   "fieldtype": "Section Break",
   "label": "Slide 5",
   "reqd": 0
  },
  {
   "fieldname": "slide_5_image",
   "fieldtype": "Attach Image",
   "label": "Image",
   "reqd": 0
  },
  {
   "fieldname": "slide_5_title",
   "fieldtype": "Data",
   "label": "Title",
   "reqd": 0
  },
  {
   "fieldname": "slide_5_subtitle",
   "fieldtype": "Small Text",
   "label": "Subtitle",
   "reqd": 0
  },
  {
   "fieldname": "slide_5_primary_action_label",
   "fieldtype": "Data",
   "label": "Primary Action Label",
   "reqd": 0
  },
  {
   "fieldname": "slide_5_primary_action",
   "fieldtype": "Data",
   "label": "Primary Action",
   "reqd": 0
  },
  {
   "fieldname": "slide_5_content_align",
   "fieldtype": "Select",
   "label": "Content Align",
   "reqd": 0
  },
  {
   "fieldname": "slide_5_theme",
   "fieldtype": "Select",
   "label": "Slide Theme",
   "options": "Dark\nLight",
   "reqd": 0
  }
 ],
 "idx": 2,
 "modified": "2023-10-16 18:00:52.933687",
 "modified_by": "Administrator",
 "module": "Webshop",
 "name": "Hero Slider",
 "owner": "Administrator",
 "standard": 1,
 "template": "",
 "type": "Section"
}